Поле,Тип,Уникальных,Пропусков,Пропусков_%,Мин,Макс
udi,int32,10000,0,0.0,1,10000
product_id,str,10000,0,0.0,,
product_serial,Int32,10000,0,0.0,14860,57174
quality_class,category,3,0,0.0,,
air_temp_k,float64,93,0,0.0,295.3,304.5
process_temp_k,float64,82,0,0.0,305.7,313.8
rot_speed_rpm,int32,941,0,0.0,1168,2886
torque_nm,float64,577,0,0.0,3.8,76.6
tool_wear_min,int16,246,0,0.0,0,253
temp_diff_k,float64,46,0,0.0,7.6,12.1
power_w,float64,8269,0,0.0,1148.4,10469.9
power_margin,float64,7406,0,0.0,-2351.6,2749.9
wear_torque,float64,8330,0,0.0,0.0,16497.0
osf_limit,int32,3,0,0.0,11000,13000
osf_margin,float64,8831,0,0.0,-4497.0,13000.0
tool_cycle_id,int16,120,0,0.0,1,120
cycle_pos,int16,101,0,0.0,1,101
is_outlier_speed,int8,2,0,0.0,0,1
is_outlier_torque,int8,2,0,0.0,0,1
machine_failure,int8,2,0,0.0,0,1
twf,int8,2,0,0.0,0,1
hdf,int8,2,0,0.0,0,1
pwf,int8,2,0,0.0,0,1
osf,int8,2,0,0.0,0,1
failure_mode,category,6,0,0.0,,
n_failure_modes,int8,4,0,0.0,0,3
failure_type_unknown,int8,2,0,0.0,0,1
rnf_ref,int8,2,0,0.0,0,1
